{
  "n_cases_used": 183,
  "global": {
    "H_help": 0.13808411359786987,
    "H_harm": 0.03509267047047615,
    "O_damage": 0.0686783492565155,
    "X_side": 0.12703251838684082,
    "mean_hallu": 0.10299146175384521,
    "mean_object": 0.02945086918771267,
    "mean_other": 0.07457423210144043
  },
  "soft": {
    "H_help": 0.06679894775152206,
    "H_harm": 0.03187110275030136,
    "O_damage": 0.028215643018484116,
    "X_side": 0.019717972725629807,
    "mean_hallu": 0.034927841275930405,
    "mean_object": -0.009059211239218712,
    "mean_other": 0.004320510197430849
  }
}