{
  "__all__": {
    "delta": {
      "n": 96275,
      "mean": 0.2143872774448195,
      "median": -0.013319,
      "std": 1.08546641595663
    },
    "abs_delta": {
      "n": 96275,
      "mean": 0.4537037472656453,
      "median": 0.1479,
      "std": 1.009133536201411
    }
  },
  "by_type": {
    "function": {
      "delta": {
        "n": 36677,
        "mean": 0.012271035635411837,
        "median": -0.032547,
        "std": 0.4948752495869512
      },
      "abs_delta": {
        "n": 36677,
        "mean": 0.26025543964882625,
        "median": 0.130863,
        "std": 0.42109067244180975
      }
    },
    "hallu": {
      "delta": {
        "n": 673,
        "mean": 0.35576168053491825,
        "median": -0.000813,
        "std": 1.3586167763245096
      },
      "abs_delta": {
        "n": 673,
        "mean": 0.6497328127786033,
        "median": 0.20665,
        "std": 1.2449149889046298
      }
    },
    "object": {
      "delta": {
        "n": 25527,
        "mean": 0.40969226900928424,
        "median": -0.001463,
        "std": 1.4415101039418015
      },
      "abs_delta": {
        "n": 25527,
        "mean": 0.6110519537352607,
        "median": 0.135427,
        "std": 1.3683590876792626
      }
    },
    "other": {
      "delta": {
        "n": 33398,
        "mean": 0.2842214563746332,
        "median": -0.0045425,
        "std": 1.1928601276755024
      },
      "abs_delta": {
        "n": 33398,
        "mean": 0.5419290407210012,
        "median": 0.183364,
        "std": 1.1000016637731487
      }
    }
  },
  "comparisons": {
    "hallu": {
      "delta": {
        "n": 673,
        "mean": 0.35576168053491825,
        "median": -0.000813,
        "std": 1.3586167763245096
      },
      "abs_delta": {
        "n": 673,
        "mean": 0.6497328127786033,
        "median": 0.20665,
        "std": 1.2449149889046298
      }
    },
    "non_hal(type!=hallu)": {
      "delta": {
        "n": 95602,
        "mean": 0.21339205795903854,
        "median": -0.013497499999999999,
        "std": 1.0832429342699248
      },
      "abs_delta": {
        "n": 95602,
        "mean": 0.4523237807263446,
        "median": 0.14762,
        "std": 1.0071509115511912
      }
    },
    "correct_object(type==object, approx)": {
      "delta": {
        "n": 25527,
        "mean": 0.40969226900928424,
        "median": -0.001463,
        "std": 1.4415101039418015
      },
      "abs_delta": {
        "n": 25527,
        "mean": 0.6110519537352607,
        "median": 0.135427,
        "std": 1.3683590876792626
      }
    },
    "diff_mean(hallu - object)": -0.05393058847436599,
    "diff_median(hallu - object)": 0.0006500000000000001,
    "diff_mean(hallu - non_hal)": 0.1423696225758797,
    "diff_median(hallu - non_hal)": 0.0126845
  }
}