{
  "n_cases_used": 50,
  "global": {
    "H_help": 0.21971295773983002,
    "H_harm": 0.008135708048939705,
    "O_damage": 0.08723780512809753,
    "X_side": 0.12992078065872192,
    "mean_hallu": 0.21157726645469666,
    "mean_object": 0.05705379322171211,
    "mean_other": 0.07736989855766296
  },
  "soft": {
    "H_help": 0.12571153044700623,
    "H_harm": 0.005332807078957558,
    "O_damage": 0.01887463964521885,
    "X_side": 0.021389024332165718,
    "mean_hallu": 0.12037871032953262,
    "mean_object": -0.01176926214247942,
    "mean_other": 0.0050013065338134766
  }
}