{
  "meta": {
    "window": 2,
    "definitions": {
      "clean_id": "this id has NO hallu tokens (under Sfix labeling in token records)",
      "hallu_id": "this id has >=1 hallu token (under Sfix labeling in token records)",
      "near_hallu": "|pos - hallu_pos| <= 2 within the same id",
      "object_in_hallu_ids_far": "type==object AND hallu_id AND NOT near_hallu",
      "object_in_hallu_ids_near": "type==object AND hallu_id AND near_hallu"
    },
    "counts": {
      "ids_total": 1000,
      "ids_clean": 712,
      "ids_with_hallu": 288,
      "tokens_total_kept": 98358,
      "tokens_hallu": 405
    }
  },
  "__all__": {
    "delta": {
      "n": 98358,
      "mean": 0.7626148348295392,
      "median": 0.09031486511230469,
      "std": 1.7319190333659449
    },
    "abs_delta": {
      "n": 98358,
      "mean": 0.8744672059591043,
      "median": 0.2187976837158203,
      "std": 1.6782223239000644
    }
  },
  "__all_nohallu_tokens__": {
    "delta": {
      "n": 97953,
      "mean": 0.7592909847694644,
      "median": 0.08969879150390625,
      "std": 1.72748397426968
    },
    "abs_delta": {
      "n": 97953,
      "mean": 0.8711672877989851,
      "median": 0.21789169311523438,
      "std": 1.673854645823436
    }
  },
  "__all_clean_ids__": {
    "delta": {
      "n": 68876,
      "mean": 0.7592979984503879,
      "median": 0.08770179748535156,
      "std": 1.7336452158599591
    },
    "abs_delta": {
      "n": 68876,
      "mean": 0.8723720949253725,
      "median": 0.21701431274414062,
      "std": 1.679590257818859
    }
  },
  "__all_hallu_ids__": {
    "delta": {
      "n": 29482,
      "mean": 0.7703636450340852,
      "median": 0.095947265625,
      "std": 1.7278841470472872
    },
    "abs_delta": {
      "n": 29482,
      "mean": 0.8793618151294224,
      "median": 0.2226409912109375,
      "std": 1.6750404382814001
    }
  },
  "by_type": {
    "function": {
      "delta": {
        "n": 37124,
        "mean": 0.5071128996625156,
        "median": 0.027021408081054688,
        "std": 1.6167071784749607
      },
      "abs_delta": {
        "n": 37124,
        "mean": 0.6163127357596764,
        "median": 0.12001419067382812,
        "std": 1.5783095073666313
      }
    },
    "hallu": {
      "delta": {
        "n": 405,
        "mean": 1.566518748248065,
        "median": 0.4379444122314453,
        "std": 2.465023124883781
      },
      "abs_delta": {
        "n": 405,
        "mean": 1.6725829677817263,
        "median": 0.5258026123046875,
        "std": 2.394146159386321
      }
    },
    "object": {
      "delta": {
        "n": 25762,
        "mean": 0.8886456968584246,
        "median": 0.14365673065185547,
        "std": 1.8533878386185914
      },
      "abs_delta": {
        "n": 25762,
        "mean": 0.9973726598717265,
        "median": 0.29308509826660156,
        "std": 1.7972138081177995
      }
    },
    "other": {
      "delta": {
        "n": 35067,
        "mean": 0.9312310748448794,
        "median": 0.19854736328125,
        "std": 1.713524819052246
      },
      "abs_delta": {
        "n": 35067,
        "mean": 1.048254509248477,
        "median": 0.3318023681640625,
        "std": 1.6445408167932951
      }
    }
  },
  "object_splits": {
    "object_clean_ids": {
      "delta": {
        "n": 18257,
        "mean": 0.8885398380413057,
        "median": 0.13448715209960938,
        "std": 1.8671126778643237
      },
      "abs_delta": {
        "n": 18257,
        "mean": 0.9992386663887896,
        "median": 0.28690147399902344,
        "std": 1.8102826951355815
      }
    },
    "object_in_hallu_ids_all": {
      "delta": {
        "n": 7505,
        "mean": 0.888903213770369,
        "median": 0.16286849975585938,
        "std": 1.8196910706946687
      },
      "abs_delta": {
        "n": 7505,
        "mean": 0.9928333286282859,
        "median": 0.3057079315185547,
        "std": 1.765129013925744
      }
    },
    "object_in_hallu_ids_near": {
      "delta": {
        "n": 254,
        "mean": 0.9727143565500815,
        "median": 0.25603675842285156,
        "std": 1.7294776123675812
      },
      "abs_delta": {
        "n": 254,
        "mean": 1.0485515294112557,
        "median": 0.3479480743408203,
        "std": 1.684398956144591
      }
    },
    "object_in_hallu_ids_far": {
      "delta": {
        "n": 7251,
        "mean": 0.8859673386819609,
        "median": 0.1608142852783203,
        "std": 1.822814000900363
      },
      "abs_delta": {
        "n": 7251,
        "mean": 0.9908815394959077,
        "median": 0.3044109344482422,
        "std": 1.7679693498581528
      }
    },
    "hallu_all": {
      "delta": {
        "n": 405,
        "mean": 1.566518748248065,
        "median": 0.4379444122314453,
        "std": 2.465023124883781
      },
      "abs_delta": {
        "n": 405,
        "mean": 1.6725829677817263,
        "median": 0.5258026123046875,
        "std": 2.394146159386321
      }
    },
    "function_in_hallu_all": {
      "delta": {
        "n": 11106,
        "mean": 0.4995542518860281,
        "median": 0.02898406982421875,
        "std": 1.5869904087069004
      },
      "abs_delta": {
        "n": 11106,
        "mean": 0.6080815065192592,
        "median": 0.12230300903320312,
        "std": 1.5486507238885885
      }
    },
    "function_in_hallu_near": {
      "delta": {
        "n": 750,
        "mean": 0.33988602447509764,
        "median": 0.030893325805664062,
        "std": 0.977826935076005
      },
      "abs_delta": {
        "n": 750,
        "mean": 0.46677590179443357,
        "median": 0.1407794952392578,
        "std": 0.9239326942888036
      }
    },
    "function_in_hallu_far": {
      "delta": {
        "n": 10356,
        "mean": 0.5111177098387316,
        "median": 0.028783798217773438,
        "std": 1.621669785039569
      },
      "abs_delta": {
        "n": 10356,
        "mean": 0.6183151105694349,
        "median": 0.12107276916503906,
        "std": 1.5838967570229467
      }
    },
    "other_in_hallu_all": {
      "delta": {
        "n": 10466,
        "mean": 0.9419217226315292,
        "median": 0.19683837890625,
        "std": 1.7283855764579856
      },
      "abs_delta": {
        "n": 10466,
        "mean": 1.0551673599212548,
        "median": 0.32807064056396484,
        "std": 1.661665870080393
      }
    },
    "other_in_hallu_near": {
      "delta": {
        "n": 518,
        "mean": 0.8699822112860367,
        "median": 0.2144618034362793,
        "std": 1.529371664005418
      },
      "abs_delta": {
        "n": 518,
        "mean": 0.9876131808895863,
        "median": 0.3539857864379883,
        "std": 1.4560371864075508
      }
    },
    "other_in_hallu_far": {
      "delta": {
        "n": 9948,
        "mean": 0.9456676682363708,
        "median": 0.1960735321044922,
        "std": 1.7381113908963552
      },
      "abs_delta": {
        "n": 9948,
        "mean": 1.0586849579046087,
        "median": 0.32727909088134766,
        "std": 1.6716704018642286
      }
    }
  },
  "comparisons": {
    "diff(object_far - object_clean_ids)": {
      "diff_mean": -0.002572499359344782,
      "diff_median": 0.026327133178710938
    },
    "diff(object_all_in_hallu_ids - object_clean_ids)": {
      "diff_mean": 0.00036337572906330884,
      "diff_median": 0.02838134765625
    },
    "diff(object_near - object_far)": {
      "diff_mean": 0.08674701786812067,
      "diff_median": 0.09522247314453125
    },
    "diff(hallu - object_clean_ids)": {
      "diff_mean": 0.6779789102067593,
      "diff_median": 0.30345726013183594
    },
    "auc_abs(hallu_vs_object_clean_ids)": 0.596016883765875,
    "auc_abs(hallu_vs_object_in_hallu_far)": 0.5918919655185917,
    "auc_abs(object_near_vs_object_far)": 0.5131909581844264
  }
}