{
  "n_cases_used": 50,
  "global": {
    "H_help": 0.2500241994857788,
    "H_harm": 0.00693135242909193,
    "O_damage": 0.08439823240041733,
    "X_side": 0.12958355247974396,
    "mean_hallu": 0.2430928349494934,
    "mean_object": 0.053986843675374985,
    "mean_other": 0.07586496323347092
  },
  "soft": {
    "H_help": 0.14576664566993713,
    "H_harm": 0.008432582020759583,
    "O_damage": 0.02356291562318802,
    "X_side": 0.021135497838258743,
    "mean_hallu": 0.13733406364917755,
    "mean_object": -0.006201345939189196,
    "mean_other": 0.004907943774014711
  }
}