{
  "meta": {
    "window": 2,
    "definitions": {
      "clean_id": "this id has NO hallu tokens (under Sfix labeling in token records)",
      "hallu_id": "this id has >=1 hallu token (under Sfix labeling in token records)",
      "near_hallu": "|pos - hallu_pos| <= 2 within the same id",
      "object_in_hallu_ids_far": "type==object AND hallu_id AND NOT near_hallu",
      "object_in_hallu_ids_near": "type==object AND hallu_id AND near_hallu"
    },
    "counts": {
      "ids_total": 10,
      "ids_clean": 5,
      "ids_with_hallu": 5,
      "tokens_total_kept": 999,
      "tokens_hallu": 8
    }
  },
  "__all__": {
    "delta": {
      "n": 999,
      "mean": 0.7916639908417329,
      "median": 0.085235595703125,
      "std": 1.7221668725653116
    },
    "abs_delta": {
      "n": 999,
      "mean": 0.8914981160435949,
      "median": 0.2046661376953125,
      "std": 1.6726187092949563
    }
  },
  "__all_nohallu_tokens__": {
    "delta": {
      "n": 991,
      "mean": 0.7739804544073542,
      "median": 0.08261489868164062,
      "std": 1.7051372112334982
    },
    "abs_delta": {
      "n": 991,
      "mean": 0.8746205059478791,
      "median": 0.2014484405517578,
      "std": 1.6557203967807022
    }
  },
  "__all_clean_ids__": {
    "delta": {
      "n": 490,
      "mean": 0.6820099071580537,
      "median": 0.07025718688964844,
      "std": 1.505596327531938
    },
    "abs_delta": {
      "n": 490,
      "mean": 0.7846130176466338,
      "median": 0.18985652923583984,
      "std": 1.454658893784437
    }
  },
  "__all_hallu_ids__": {
    "delta": {
      "n": 509,
      "mean": 0.8972248965490075,
      "median": 0.09299087524414062,
      "std": 1.903109909717982
    },
    "abs_delta": {
      "n": 509,
      "mean": 0.9943933974080563,
      "median": 0.23053741455078125,
      "std": 1.8540927140717973
    }
  },
  "by_type": {
    "function": {
      "delta": {
        "n": 402,
        "mean": 0.49774511536555505,
        "median": 0.019987106323242188,
        "std": 1.5271318788849293
      },
      "abs_delta": {
        "n": 402,
        "mean": 0.5879812288047069,
        "median": 0.11277008056640625,
        "std": 1.4946289611246646
      }
    },
    "hallu": {
      "delta": {
        "n": 8,
        "mean": 2.9822120666503906,
        "median": 2.9850101470947266,
        "std": 2.4730299337491117
      },
      "abs_delta": {
        "n": 8,
        "mean": 2.9822120666503906,
        "median": 2.9850101470947266,
        "std": 2.4730299337491117
      }
    },
    "object": {
      "delta": {
        "n": 248,
        "mean": 0.8080289825316398,
        "median": 0.21431350708007812,
        "std": 1.7486897252212006
      },
      "abs_delta": {
        "n": 248,
        "mean": 0.9451755477536109,
        "median": 0.35262584686279297,
        "std": 1.6782420296638054
      }
    },
    "other": {
      "delta": {
        "n": 341,
        "mean": 1.0748677603310504,
        "median": 0.1827239990234375,
        "std": 1.819901121577503
      },
      "abs_delta": {
        "n": 341,
        "mean": 1.1612226732315556,
        "median": 0.32049560546875,
        "std": 1.7658920590391394
      }
    }
  },
  "object_splits": {
    "object_clean_ids": {
      "delta": {
        "n": 124,
        "mean": 0.6381496075660952,
        "median": 0.2778654098510742,
        "std": 1.2218622397779173
      },
      "abs_delta": {
        "n": 124,
        "mean": 0.789970221058015,
        "median": 0.36187267303466797,
        "std": 1.1288784506199319
      }
    },
    "object_in_hallu_ids_all": {
      "delta": {
        "n": 124,
        "mean": 0.9779083574971845,
        "median": 0.18286705017089844,
        "std": 2.14232537788969
      },
      "abs_delta": {
        "n": 124,
        "mean": 1.100380874449207,
        "median": 0.35051536560058594,
        "std": 2.0815752052302687
      }
    },
    "object_in_hallu_ids_near": {
      "delta": {
        "n": 2,
        "mean": -0.10064220428466797,
        "median": -0.10064220428466797,
        "std": 0.14256154650070502
      },
      "abs_delta": {
        "n": 2,
        "mean": 0.10080623626708984,
        "median": 0.10080623626708984,
        "std": 0.14232957024650106
      }
    },
    "object_in_hallu_ids_far": {
      "delta": {
        "n": 122,
        "mean": 0.9955895142477067,
        "median": 0.20114707946777344,
        "std": 2.15539038012312
      },
      "abs_delta": {
        "n": 122,
        "mean": 1.1167673439276022,
        "median": 0.3549842834472656,
        "std": 2.094664987492103
      }
    },
    "hallu_all": {
      "delta": {
        "n": 8,
        "mean": 2.9822120666503906,
        "median": 2.9850101470947266,
        "std": 2.4730299337491117
      },
      "abs_delta": {
        "n": 8,
        "mean": 2.9822120666503906,
        "median": 2.9850101470947266,
        "std": 2.4730299337491117
      }
    },
    "function_in_hallu_all": {
      "delta": {
        "n": 200,
        "mean": 0.5608011817932129,
        "median": 0.041759490966796875,
        "std": 1.5779255738925635
      },
      "abs_delta": {
        "n": 200,
        "mean": 0.6480486869812012,
        "median": 0.11310577392578125,
        "std": 1.5439721454393283
      }
    },
    "function_in_hallu_near": {
      "delta": {
        "n": 19,
        "mean": 0.13977452328330592,
        "median": -0.00335693359375,
        "std": 0.6931644298461868
      },
      "abs_delta": {
        "n": 19,
        "mean": 0.38266754150390625,
        "median": 0.2778644561767578,
        "std": 0.5886675921662227
      }
    },
    "function_in_hallu_far": {
      "delta": {
        "n": 181,
        "mean": 0.604997350366076,
        "median": 0.04769706726074219,
        "std": 1.6382745606870537
      },
      "abs_delta": {
        "n": 181,
        "mean": 0.6759063762854476,
        "median": 0.10782241821289062,
        "std": 1.610158781818026
      }
    },
    "other_in_hallu_all": {
      "delta": {
        "n": 177,
        "mean": 1.1266039724403856,
        "median": 0.20196533203125,
        "std": 1.9504485886374094
      },
      "abs_delta": {
        "n": 177,
        "mean": 1.221647327229128,
        "median": 0.3542594909667969,
        "std": 1.8920348609493178
      }
    },
    "other_in_hallu_near": {
      "delta": {
        "n": 11,
        "mean": 1.0727493979714133,
        "median": 0.3542594909667969,
        "std": 1.6148132855513104
      },
      "abs_delta": {
        "n": 11,
        "mean": 1.2289817116477273,
        "median": 0.3955192565917969,
        "std": 1.4872984545157086
      }
    },
    "other_in_hallu_far": {
      "delta": {
        "n": 166,
        "mean": 1.1301726490618236,
        "median": 0.16640090942382812,
        "std": 1.9747461818233991
      },
      "abs_delta": {
        "n": 166,
        "mean": 1.221161313803799,
        "median": 0.3289785385131836,
        "std": 1.9194741754472484
      }
    }
  },
  "comparisons": {
    "diff(object_far - object_clean_ids)": {
      "diff_mean": 0.3574399066816115,
      "diff_median": -0.07671833038330078
    },
    "diff(object_all_in_hallu_ids - object_clean_ids)": {
      "diff_mean": 0.33975874993108934,
      "diff_median": -0.09499835968017578
    },
    "diff(object_near - object_far)": {
      "diff_mean": -1.0962317185323747,
      "diff_median": -0.3017892837524414
    },
    "diff(hallu - object_clean_ids)": {
      "diff_mean": 2.3440624590842956,
      "diff_median": 2.7071447372436523
    },
    "auc_abs(hallu_vs_object_clean_ids)": 0.8296370967741935,
    "auc_abs(hallu_vs_object_in_hallu_far)": 0.798155737704918,
    "auc_abs(object_near_vs_object_far)": 0.19672131147540983
  }
}