{
  "ok": true,
  "used_candidate_note": "base",
  "used_skip": 0,
  "start_in_tail": 0,
  "start_abs": 44,
  "resp_ids": [
    450,
    1967,
    1401,
    919,
    29879,
    263,
    2318,
    310,
    3023,
    2305,
    22049,
    4208,
    297,
    263,
    17455,
    29891,
    1746,
    29892,
    11418,
    5414,
    263,
    21246,
    2462,
    714,
    1867,
    943,
    29889,
    2688,
    526,
    22049,
    297,
    263,
    1196,
    29892,
    411,
    697,
    2022,
    8236,
    278,
    982,
    322,
    278,
    4045,
    1494,
    16467,
    5742,
    29889,
    450,
    2318,
    5692,
    304,
    367,
    263,
    3942,
    29892,
    408,
    896,
    526,
    599,
    1560,
    6504,
    322,
    11418,
    5414,
    1009,
    931,
    4208,
    29889,
    13,
    13,
    1576,
    1746,
    338,
    22047,
    491,
    10697,
    29892,
    13138,
    263,
    724,
    1600,
    322,
    5613,
    4444,
    363,
    1009,
    6686,
    29889,
    450,
    2305,
    526,
    19436,
    1250,
    4058,
    29879,
    29892,
    607,
    14661,
    896,
    1795,
    367,
    373,
    263,
    7251,
    446,
    470,
    263,
    2462,
    17487,
    29889,
    450,
    12463,
    25005,
    310,
    278,
    9088,
    338,
    697,
    310,
    22722,
    322,
    3996,
    621,
    824,
    404,
    29889
  ],
  "logp": [
    -0.8225125670433044,
    -0.004888131283223629,
    -1.0774786472320557,
    -0.00013243274588603526,
    -1.8715683836489916e-05,
    -0.0671713799238205,
    -2.363384246826172,
    -9.536288416711614e-05,
    -2.9714574813842773,
    -0.7329363226890564,
    -3.7109577655792236,
    -0.8413884043693542,
    -1.4813786745071411,
    -0.15332826972007751,
    -4.468214511871338,
    -0.03844689205288887,
    -0.3194717466831207,
    -2.0061352252960205,
    -1.3966556787490845,
    -1.4305104514278355e-06,
    -0.7312431931495667,
    -1.2586596012115479,
    -0.7651125192642212,
    -0.08909409493207932,
    -0.0030623229686170816,
    -1.1920928244535389e-07,
    -0.0008666335488669574,
    -0.2220420241355896,
    -0.4998374879360199,
    -1.0730946063995361,
    -0.6817377805709839,
    -0.08611002564430237,
    -0.7221185564994812,
    -0.06698666512966156,
    -0.10623704642057419,
    -0.5334752202033997,
    -0.011560827493667603,
    -0.5546306371688843,
    -0.014170736074447632,
    -0.012818911112844944,
    -0.20404456555843353,
    -0.008523158729076385,
    -0.1292421817779541,
    -0.011723903939127922,
    -0.5593057870864868,
    -0.0012500813463702798,
    -0.019947752356529236,
    -0.7758198976516724,
    -0.9014419913291931,
    -0.2338181734085083,
    -0.003791407449170947,
    -0.0005229535745456815,
    -3.009711265563965,
    -0.5408676266670227,
    -1.0279738903045654,
    -1.7362768650054932,
    -0.10926744341850281,
    -0.6677109599113464,
    -1.0976308584213257,
    -2.405698537826538,
    -0.003185200970619917,
    -0.020529286935925484,
    -2.4571120738983154,
    -1.9073468138230965e-06,
    -1.4524677991867065,
    -0.006625233683735132,
    -0.015928877517580986,
    -0.0517345629632473,
    -0.8513051271438599,
    -0.0005768066039308906,
    -0.448041707277298,
    -0.6018930077552795,
    -0.3305177390575409,
    -1.9369570016860962,
    -2.3603161025675945e-05,
    -2.3297595977783203,
    -0.07863027602434158,
    -0.660741925239563,
    -0.009888236410915852,
    -1.4691953659057617,
    -8.344646857949556e-07,
    -0.009131927974522114,
    -0.1148456484079361,
    -0.6709168553352356,
    -0.014658374711871147,
    -0.5439745187759399,
    -0.13026376068592072,
    -6.580135959666222e-05,
    -0.5168046355247498,
    -0.9605538845062256,
    -0.7965973019599915,
    -1.8371115922927856,
    -0.24134111404418945,
    -4.017272294731811e-05,
    -2.264974000354414e-06,
    -0.09456963837146759,
    -0.9601902961730957,
    -0.9047682285308838,
    -0.8347820043563843,
    -0.9120312929153442,
    -0.0065264650620520115,
    -0.15752574801445007,
    -0.04284951090812683,
    -0.9976407885551453,
    -1.4305104514278355e-06,
    -0.005681082606315613,
    -0.3844922184944153,
    -0.5454511046409607,
    -0.012557603418827057,
    -0.5551261305809021,
    -0.8715931177139282,
    -0.5256313681602478,
    -0.03500888869166374,
    -0.11175025999546051,
    -2.50339189733495e-06,
    -3.394310235977173,
    -0.03029736690223217,
    -0.11094848811626434,
    -3.099436753473128e-06,
    -0.29380860924720764,
    -0.065840944647789,
    -0.238780215382576,
    -1.7881377516459906e-06,
    -5.245195097813848e-06,
    -1.6689286894688848e-06,
    -1.2330402135849
  ],
  "prompt_len": 44,
  "input_len": 171,
  "debug": {
    "decoded_prompt_head": "<s> A chat between a curious human and an artificial intelligence assistant. The assistant gives helpful, detailed, and polite answers to the human's questions. USER: Describe this image. ASSISTANT: The image depicts a group of four people walking together in a grassy field, enjoying a pleasant day outdoors. They are walking in a line, with one person leading the way and the others following close ... <TRUNC>",
    "decoded_tail_context": "The image depicts a group of four people walking together in a grassy field, enjoying a pleasant day outdoors. They are walking in a line, with one person leading the way and the others following closely behind. The group appears to be a family, as they are all smiling and enjoying their time together.\n\nThe field is surrounded by trees, providing a serene and natural setting for their walk. The people are carrying backpacks, which suggests they might be on a hike or a day trip. The overall atmosphere of the scene is one of happiness and togetherness.</s>",
    "decoded_aligned_answer": "The image depicts a group of four people walking together in a grassy field, enjoying a pleasant day outdoors. They are walking in a line, with one person leading the way and the others following closely behind. The group appears to be a family, as they are all smiling and enjoying their time together.\n\nThe field is surrounded by trees, providing a serene and natural setting for their walk. The people are carrying backpacks, which suggests they might be on a hike or a day trip. The overall atmosphere of the scene is one of happiness and togetherness.",
    "decoded_candidate_prefix": ""
  }
}