{
  "ok": true,
  "used_candidate_note": "base",
  "used_skip": 0,
  "start_in_tail": 0,
  "start_abs": 48,
  "resp_ids": [
    450,
    1967,
    1401,
    919,
    29879,
    263,
    2318,
    310,
    3023,
    2305,
    22049,
    4208,
    297,
    263,
    17455,
    29891,
    1746,
    29892,
    11418,
    5414,
    263,
    21246,
    2462,
    714,
    1867,
    943,
    29889,
    2688,
    526,
    22049,
    297,
    263,
    1196,
    29892,
    411,
    697,
    2022,
    8236,
    278,
    982,
    322,
    278,
    4045,
    1494,
    16467,
    5742,
    29889,
    450,
    2318,
    5692,
    304,
    367,
    263,
    3942,
    29892,
    408,
    896,
    526,
    599,
    1560,
    6504,
    322,
    11418,
    5414,
    1009,
    931,
    4208,
    29889,
    13,
    13,
    1576,
    1746,
    338,
    22047,
    491,
    10697,
    29892,
    13138,
    263,
    724,
    1600,
    322,
    5613,
    4444,
    363,
    1009,
    6686,
    29889,
    450,
    2305,
    526,
    19436,
    1250,
    4058,
    29879,
    29892,
    607,
    14661,
    896,
    1795,
    367,
    373,
    263,
    7251,
    446,
    470,
    263,
    2462,
    17487,
    29889,
    450,
    12463,
    25005,
    310,
    278,
    9088,
    338,
    697,
    310,
    22722,
    322,
    3996,
    621,
    824,
    404,
    29889
  ],
  "logp": [
    -7.737575531005859,
    -11.956247329711914,
    -12.42931079864502,
    -14.136514663696289,
    -11.73713207244873,
    -7.881742477416992,
    -9.724627494812012,
    -6.0604400634765625,
    -14.857778549194336,
    -12.111786842346191,
    -12.502862930297852,
    -14.110245704650879,
    -3.905055046081543,
    -9.018418312072754,
    -9.82751178741455,
    -11.172903060913086,
    -9.382102966308594,
    -4.3990478515625,
    -10.027017593383789,
    -14.135893821716309,
    -3.551673412322998,
    -12.304516792297363,
    -5.771476745605469,
    -8.961921691894531,
    -12.154401779174805,
    -12.691425323486328,
    -5.284239768981934,
    -10.874163627624512,
    -6.701840400695801,
    -7.8487043380737305,
    -5.097280502319336,
    -5.548749923706055,
    -8.323335647583008,
    -4.5483269691467285,
    -10.765750885009766,
    -6.255528926849365,
    -11.622830390930176,
    -12.74118709564209,
    -4.397347450256348,
    -7.158519268035889,
    -1.4814841747283936,
    -5.411115646362305,
    -9.402360916137695,
    -8.875900268554688,
    -9.885992050170898,
    -9.159603118896484,
    -5.592472076416016,
    -8.335896492004395,
    -9.124347686767578,
    -9.364057540893555,
    -3.6346960067749023,
    -5.774423599243164,
    -4.094861030578613,
    -8.85208511352539,
    -5.532862663269043,
    -5.289552688598633,
    -7.132601261138916,
    -6.378473281860352,
    -5.993871688842773,
    -7.256682395935059,
    -18.174779891967773,
    -3.2400150299072266,
    -12.950644493103027,
    -14.443971633911133,
    -12.154629707336426,
    -11.914031982421875,
    -11.61778450012207,
    -5.399176120758057,
    -1.9041415452957153,
    -2.699949026107788,
    -10.854131698608398,
    -8.99144172668457,
    -4.7749810218811035,
    -8.945489883422852,
    -6.239407539367676,
    -10.877409934997559,
    -4.855523109436035,
    -13.400907516479492,
    -3.7725799083709717,
    -7.973217010498047,
    -13.961501121520996,
    -4.782590866088867,
    -11.23547077178955,
    -12.053637504577637,
    -6.035336494445801,
    -13.675312995910645,
    -12.861462593078613,
    -4.366866588592529,
    -8.114330291748047,
    -11.598100662231445,
    -6.671006202697754,
    -9.700441360473633,
    -11.452458381652832,
    -14.786592483520508,
    -8.90902042388916,
    -4.845070838928223,
    -5.438946723937988,
    -9.947906494140625,
    -7.029362678527832,
    -7.150145530700684,
    -8.470304489135742,
    -4.612852096557617,
    -3.9872422218322754,
    -9.196664810180664,
    -12.58431339263916,
    -6.084339141845703,
    -3.6999289989471436,
    -4.282766342163086,
    -11.059964179992676,
    -4.036620616912842,
    -9.776082992553711,
    -12.133332252502441,
    -9.400985717773438,
    -5.925451278686523,
    -3.8555490970611572,
    -9.527250289916992,
    -5.203859329223633,
    -6.254019737243652,
    -5.982932090759277,
    -10.763822555541992,
    -4.847043514251709,
    -16.956302642822266,
    -12.812114715576172,
    -13.863195419311523,
    -12.101523399353027,
    -4.887996196746826
  ],
  "prompt_len": 48,
  "input_len": 175,
  "debug": {
    "decoded_prompt_head": "<s> A chat between a curious human and an artificial intelligence assistant. The assistant gives helpful, detailed, and polite answers to the human's questions. USER: <image>\nDescribe this image. ASSISTANT: The image depicts a group of four people walking together in a grassy field, enjoying a pleasant day outdoors. They are walking in a line, with one person leading the way and the others followi ... <TRUNC>",
    "decoded_tail_context": "The image depicts a group of four people walking together in a grassy field, enjoying a pleasant day outdoors. They are walking in a line, with one person leading the way and the others following closely behind. The group appears to be a family, as they are all smiling and enjoying their time together.\n\nThe field is surrounded by trees, providing a serene and natural setting for their walk. The people are carrying backpacks, which suggests they might be on a hike or a day trip. The overall atmosphere of the scene is one of happiness and togetherness.</s>",
    "decoded_aligned_answer": "The image depicts a group of four people walking together in a grassy field, enjoying a pleasant day outdoors. They are walking in a line, with one person leading the way and the others following closely behind. The group appears to be a family, as they are all smiling and enjoying their time together.\n\nThe field is surrounded by trees, providing a serene and natural setting for their walk. The people are carrying backpacks, which suggests they might be on a hike or a day trip. The overall atmosphere of the scene is one of happiness and togetherness.",
    "decoded_candidate_prefix": ""
  }
}