rank	id	score	L	G_impRate	G_waste	G_cov	S_impRate	S_waste	S_cov
0001	149	1.262130	99	0.2424	0.9167	1.0000	0.0606	0.8333	0.5000
0002	179	1.119386	93	0.2151	0.9000	1.0000	0.0215	0.0000	1.0000
0003	75	0.890064	130	0.2615	0.9412	0.6667	0.0077	0.0000	0.3333
0004	19	0.864328	138	0.2899	0.9500	0.6667	0.0072	0.0000	0.3333
0005	857	0.805806	99	0.3131	0.9677	0.5000	0.0707	0.7143	1.0000