{
  "layer_0": {
    "num": 351.0,
    "mean": -0.0016654845094308257,
    "var": 0.00035964572452940047,
    "std": 0.01896432787179947,
    "min": -0.06472227722406387,
    "max": 0.05069393292069435,
    "p25": -0.014487399253994226,
    "p50": -0.0012198867043480277,
    "p75": 0.010983922984451056,
    "filtered_by_norm": 0.0,
    "min_norm_hallu": 0.01,
    "min_norm_delta": 0.01
  },
  "layer_1": {
    "num": 351.0,
    "mean": -0.003701090579852462,
    "var": 0.0003982106572948396,
    "std": 0.019955215975642204,
    "min": -0.07723098248243332,
    "max": 0.04783076047897339,
    "p25": -0.017998909577727318,
    "p50": -0.003216888988390565,
    "p75": 0.00966593250632286,
    "filtered_by_norm": 0.0,
    "min_norm_hallu": 0.01,
    "min_norm_delta": 0.01
  },
  "layer_2": {
    "num": 351.0,
    "mean": -0.009860740043222904,
    "var": 0.00046204286627471447,
    "std": 0.021495182067155838,
    "min": -0.08836391568183899,
    "max": 0.04680117592215538,
    "p25": -0.023774373345077038,
    "p50": -0.009789090603590012,
    "p75": 0.0038539133965969086,
    "filtered_by_norm": 0.0,
    "min_norm_hallu": 0.01,
    "min_norm_delta": 0.01
  },
  "layer_3": {
    "num": 351.0,
    "mean": -0.01028998289257288,
    "var": 0.000599568709731102,
    "std": 0.02448609285056591,
    "min": -0.09356308728456497,
    "max": 0.08041463792324066,
    "p25": -0.025042397901415825,
    "p50": -0.010365677066147327,
    "p75": 0.005442879628390074,
    "filtered_by_norm": 0.0,
    "min_norm_hallu": 0.01,
    "min_norm_delta": 0.01
  },
  "layer_4": {
    "num": 351.0,
    "mean": -0.014440841041505337,
    "var": 0.000887780450284481,
    "std": 0.02979564480483532,
    "min": -0.11009553074836731,
    "max": 0.08624975383281708,
    "p25": -0.03095858171582222,
    "p50": -0.015282398089766502,
    "p75": 0.004353035939857364,
    "filtered_by_norm": 0.0,
    "min_norm_hallu": 0.01,
    "min_norm_delta": 0.01
  },
  "layer_5": {
    "num": 351.0,
    "mean": -0.017786409705877304,
    "var": 0.0011633449466899037,
    "std": 0.034107841551303864,
    "min": -0.15892577171325684,
    "max": 0.09016674011945724,
    "p25": -0.03941313177347183,
    "p50": -0.016493018716573715,
    "p75": 0.0037224501138553023,
    "filtered_by_norm": 0.0,
    "min_norm_hallu": 0.01,
    "min_norm_delta": 0.01
  },
  "layer_6": {
    "num": 351.0,
    "mean": -0.017814889550209045,
    "var": 0.001339917303994298,
    "std": 0.036604881286621094,
    "min": -0.1671612709760666,
    "max": 0.10618449747562408,
    "p25": -0.03944023326039314,
    "p50": -0.016299737617373466,
    "p75": 0.00590313458815217,
    "filtered_by_norm": 0.0,
    "min_norm_hallu": 0.01,
    "min_norm_delta": 0.01
  },
  "layer_7": {
    "num": 351.0,
    "mean": -0.020642809569835663,
    "var": 0.0016040927730500698,
    "std": 0.04005112871527672,
    "min": -0.19752846658229828,
    "max": 0.10107734799385071,
    "p25": -0.04265291802585125,
    "p50": -0.017413852736353874,
    "p75": 0.001931448234245181,
    "filtered_by_norm": 0.0,
    "min_norm_hallu": 0.01,
    "min_norm_delta": 0.01
  },
  "layer_8": {
    "num": 351.0,
    "mean": -0.021889111027121544,
    "var": 0.0016575278714299202,
    "std": 0.04071274772286415,
    "min": -0.18383900821208954,
    "max": 0.10146009922027588,
    "p25": -0.04436717554926872,
    "p50": -0.019042745232582092,
    "p75": 0.004031292395666242,
    "filtered_by_norm": 0.0,
    "min_norm_hallu": 0.01,
    "min_norm_delta": 0.01
  },
  "layer_9": {
    "num": 351.0,
    "mean": -0.022049665451049805,
    "var": 0.0018531501991674304,
    "std": 0.04304823279380798,
    "min": -0.186538964509964,
    "max": 0.12342582643032074,
    "p25": -0.04852215200662613,
    "p50": -0.019682539626955986,
    "p75": 0.0034199717920273542,
    "filtered_by_norm": 0.0,
    "min_norm_hallu": 0.01,
    "min_norm_delta": 0.01
  },
  "layer_10": {
    "num": 351.0,
    "mean": -0.024583864957094193,
    "var": 0.002053685486316681,
    "std": 0.04531760513782501,
    "min": -0.20884785056114197,
    "max": 0.1438315510749817,
    "p25": -0.05433784984052181,
    "p50": -0.020883984863758087,
    "p75": 0.0044025147799402475,
    "filtered_by_norm": 0.0,
    "min_norm_hallu": 0.01,
    "min_norm_delta": 0.01
  },
  "layer_11": {
    "num": 351.0,
    "mean": -0.027964556589722633,
    "var": 0.0022827908396720886,
    "std": 0.04777856171131134,
    "min": -0.21472764015197754,
    "max": 0.14998072385787964,
    "p25": -0.05499053746461868,
    "p50": -0.02528207004070282,
    "p75": 0.0017160612042061985,
    "filtered_by_norm": 0.0,
    "min_norm_hallu": 0.01,
    "min_norm_delta": 0.01
  },
  "layer_12": {
    "num": 351.0,
    "mean": -0.028898267075419426,
    "var": 0.0024644413497298956,
    "std": 0.0496431402862072,
    "min": -0.21742257475852966,
    "max": 0.15343740582466125,
    "p25": -0.05764601565897465,
    "p50": -0.025126894935965538,
    "p75": 9.021152800414711e-05,
    "filtered_by_norm": 0.0,
    "min_norm_hallu": 0.01,
    "min_norm_delta": 0.01
  },
  "layer_13": {
    "num": 351.0,
    "mean": -0.02723538689315319,
    "var": 0.0026213338132947683,
    "std": 0.051198963075876236,
    "min": -0.20647384226322174,
    "max": 0.16850420832633972,
    "p25": -0.056814488023519516,
    "p50": -0.02570466138422489,
    "p75": 0.0032907871063798666,
    "filtered_by_norm": 0.0,
    "min_norm_hallu": 0.01,
    "min_norm_delta": 0.01
  },
  "layer_14": {
    "num": 351.0,
    "mean": -0.02801104448735714,
    "var": 0.002590111456811428,
    "std": 0.050893139094114304,
    "min": -0.2326202541589737,
    "max": 0.16324935853481293,
    "p25": -0.05620372295379639,
    "p50": -0.02411535568535328,
    "p75": 0.0029242088785395026,
    "filtered_by_norm": 0.0,
    "min_norm_hallu": 0.01,
    "min_norm_delta": 0.01
  },
  "layer_15": {
    "num": 351.0,
    "mean": -0.032631974667310715,
    "var": 0.00314525724388659,
    "std": 0.0560825914144516,
    "min": -0.25515106320381165,
    "max": 0.16255559027194977,
    "p25": -0.06227621249854565,
    "p50": -0.028501514345407486,
    "p75": 0.0015462779556401074,
    "filtered_by_norm": 0.0,
    "min_norm_hallu": 0.01,
    "min_norm_delta": 0.01
  },
  "layer_16": {
    "num": 351.0,
    "mean": -0.0330304317176342,
    "var": 0.003664752934128046,
    "std": 0.06053720414638519,
    "min": -0.2642727792263031,
    "max": 0.18333324790000916,
    "p25": -0.06546780094504356,
    "p50": -0.02736487425863743,
    "p75": 0.00506529095582664,
    "filtered_by_norm": 0.0,
    "min_norm_hallu": 0.01,
    "min_norm_delta": 0.01
  },
  "layer_17": {
    "num": 351.0,
    "mean": -0.03381670266389847,
    "var": 0.004276953637599945,
    "std": 0.06539842486381531,
    "min": -0.27327054738998413,
    "max": 0.19586023688316345,
    "p25": -0.06763969361782074,
    "p50": -0.026255611330270767,
    "p75": 0.005636680638417602,
    "filtered_by_norm": 0.0,
    "min_norm_hallu": 0.01,
    "min_norm_delta": 0.01
  },
  "layer_18": {
    "num": 351.0,
    "mean": -0.03421211615204811,
    "var": 0.00459489319473505,
    "std": 0.06778564304113388,
    "min": -0.305115282535553,
    "max": 0.20434516668319702,
    "p25": -0.0705508328974247,
    "p50": -0.02723773382604122,
    "p75": 0.0066108498722314835,
    "filtered_by_norm": 0.0,
    "min_norm_hallu": 0.01,
    "min_norm_delta": 0.01
  },
  "layer_19": {
    "num": 351.0,
    "mean": -0.034126538783311844,
    "var": 0.004803068470209837,
    "std": 0.06930417567491531,
    "min": -0.3172997534275055,
    "max": 0.20505210757255554,
    "p25": -0.07459722459316254,
    "p50": -0.028868040069937706,
    "p75": 0.009171591605991125,
    "filtered_by_norm": 0.0,
    "min_norm_hallu": 0.01,
    "min_norm_delta": 0.01
  },
  "layer_20": {
    "num": 351.0,
    "mean": -0.04298347234725952,
    "var": 0.006826658267527819,
    "std": 0.08262359350919724,
    "min": -0.3389294147491455,
    "max": 0.24665653705596924,
    "p25": -0.09161460027098656,