{
  "__all__": {
    "delta": {
      "n": 96321,
      "mean": 0.21516959716042497,
      "median": -0.013271331787109375,
      "std": 1.0878788693544574
    },
    "abs_delta": {
      "n": 96321,
      "mean": 0.45441783848157946,
      "median": 0.14789962768554688,
      "std": 1.0115744253389571
    }
  },
  "function": {
    "delta": {
      "n": 36685,
      "mean": 0.012419929208036695,
      "median": -0.032520294189453125,
      "std": 0.4953808881627184
    },
    "abs_delta": {
      "n": 36685,
      "mean": 0.26039359332008355,
      "median": 0.1308460235595703,
      "std": 0.4216060430737104
    }
  },
  "hallu": {
    "delta": {
      "n": 674,
      "mean": 0.35725195683782107,
      "median": -0.0008096694946289062,
      "std": 1.3571503137362304
    },
    "abs_delta": {
      "n": 674,
      "mean": 0.6507869431809785,
      "median": 0.2079944610595703,
      "std": 1.2433673187453333
    }
  },
  "object": {
    "delta": {
      "n": 25552,
      "mean": 0.4120517091297252,
      "median": -0.001445770263671875,
      "std": 1.4473133486891185
    },
    "abs_delta": {
      "n": 25552,
      "mean": 0.613217376139885,
      "median": 0.13541793823242188,
      "std": 1.3742150449949788
    }
  },
  "other": {
    "delta": {
      "n": 33410,
      "mean": 0.28435176816824415,
      "median": -0.004528999328613281,
      "std": 1.1930388470052324
    },
    "abs_delta": {
      "n": 33410,
      "mean": 0.5420497113022038,
      "median": 0.1834249496459961,
      "std": 1.100172590551673
    }
  }
}