{
  "n_cases_used": 50,
  "global": {
    "H_help": 0.2616709768772125,
    "H_harm": 0.00960224587470293,
    "O_damage": 0.07782692462205887,
    "X_side": 0.1285904049873352,
    "mean_hallu": 0.25206872820854187,
    "mean_object": 0.04532763361930847,
    "mean_other": 0.07492679357528687
  },
  "soft": {
    "H_help": 0.15391331911087036,
    "H_harm": 0.008279937319457531,
    "O_damage": 0.025650126859545708,
    "X_side": 0.020894551649689674,
    "mean_hallu": 0.14563336968421936,
    "mean_object": -0.005550057161599398,
    "mean_other": 0.004567927215248346
  }
}